artifact_id,andeks_section,package_path,original_repository,original_path,pinned_source_commit,original_timestamp,timestamp_kind,artifact_type,evidence_temporality,publication_form,reason_for_inclusion,source_sha256,public_sha256,source_git_blob_sha1,source_bytes,public_bytes,source_selector,last_source_path_commit
I001,INDEX,.gitignore,effacermonexistence/andeks-omaragi-rcc-c01-evidence,.gitignore,NOT_APPLICABLE_POST_REQUEST,2026-10-07T10:55:22.895161+00:00,"publication file write UTC, not historical execution time",text,POST_REQUEST_INDEX_OR_PUBLICATION_MATERIAL,NEW_INDEX_OR_INTEGRITY_MATERIAL,"Public navigation, source provenance, disclosure or static package integrity; not RCC execution evidence.",NOT_APPLICABLE_POST_REQUEST,5e0e695a5d768bdecb2b8c3c6b8ccf972129e54ff07c65178a3c9d512698a005,NOT_APPLICABLE_POST_REQUEST,NOT_APPLICABLE_POST_REQUEST,65,,NOT_APPLICABLE_POST_REQUEST
I002,INDEX,01_PATH_IDENTITY.md,effacermonexistence/andeks-omaragi-rcc-c01-evidence,01_PATH_IDENTITY.md,NOT_APPLICABLE_POST_REQUEST,2026-10-07T10:55:22.893570+00:00,"publication file write UTC, not historical execution time",md,POST_REQUEST_INDEX_OR_PUBLICATION_MATERIAL,NEW_INDEX_OR_INTEGRITY_MATERIAL,"Public navigation, source provenance, disclosure or static package integrity; not RCC execution evidence.",NOT_APPLICABLE_POST_REQUEST,d386622255fe70fa6f826fcc1b2c7fe8fd821fb445b84cfeaedc3399dfdc1aa7,NOT_APPLICABLE_POST_REQUEST,NOT_APPLICABLE_POST_REQUEST,3827,,NOT_APPLICABLE_POST_REQUEST
I003,INDEX,02_POSITIVE_CASE.md,effacermonexistence/andeks-omaragi-rcc-c01-evidence,02_POSITIVE_CASE.md,NOT_APPLICABLE_POST_REQUEST,2026-10-07T10:55:22.893679+00:00,"publication file write UTC, not historical execution time",md,POST_REQUEST_INDEX_OR_PUBLICATION_MATERIAL,NEW_INDEX_OR_INTEGRITY_MATERIAL,"Public navigation, source provenance, disclosure or static package integrity; not RCC execution evidence.",NOT_APPLICABLE_POST_REQUEST,610b3eae815115ee0897e511f9f93bf74fc674feb51815b130f59d19291ed7c5,NOT_APPLICABLE_POST_REQUEST,NOT_APPLICABLE_POST_REQUEST,2631,,NOT_APPLICABLE_POST_REQUEST
I004,INDEX,03_NEGATIVE_CASE.md,effacermonexistence/andeks-omaragi-rcc-c01-evidence,03_NEGATIVE_CASE.md,NOT_APPLICABLE_POST_REQUEST,2026-10-07T10:55:22.893776+00:00,"publication file write UTC, not historical execution time",md,POST_REQUEST_INDEX_OR_PUBLICATION_MATERIAL,NEW_INDEX_OR_INTEGRITY_MATERIAL,"Public navigation, source provenance, disclosure or static package integrity; not RCC execution evidence.",NOT_APPLICABLE_POST_REQUEST,750c4971fb929c0282c9856eb5ee849c25b0aeef48f8a89ef8e1bed012a417ec,NOT_APPLICABLE_POST_REQUEST,NOT_APPLICABLE_POST_REQUEST,4580,,NOT_APPLICABLE_POST_REQUEST
I005,INDEX,04_APPLICABILITY.md,effacermonexistence/andeks-omaragi-rcc-c01-evidence,04_APPLICABILITY.md,NOT_APPLICABLE_POST_REQUEST,2026-10-07T10:55:22.893862+00:00,"publication file write UTC, not historical execution time",md,POST_REQUEST_INDEX_OR_PUBLICATION_MATERIAL,NEW_INDEX_OR_INTEGRITY_MATERIAL,"Public navigation, source provenance, disclosure or static package integrity; not RCC execution evidence.",NOT_APPLICABLE_POST_REQUEST,ce5f7a1242494e5a3088636688102b37561f9a0a75b9ffc4ce08cc9d0c7808ee,NOT_APPLICABLE_POST_REQUEST,NOT_APPLICABLE_POST_REQUEST,3474,,NOT_APPLICABLE_POST_REQUEST
I006,INDEX,05_UPSTREAM_INFLUENCE.md,effacermonexistence/andeks-omaragi-rcc-c01-evidence,05_UPSTREAM_INFLUENCE.md,NOT_APPLICABLE_POST_REQUEST,2026-10-07T10:55:22.893968+00:00,"publication file write UTC, not historical execution time",md,POST_REQUEST_INDEX_OR_PUBLICATION_MATERIAL,NEW_INDEX_OR_INTEGRITY_MATERIAL,"Public navigation, source provenance, disclosure or static package integrity; not RCC execution evidence.",NOT_APPLICABLE_POST_REQUEST,9b7401ade911f772be08ae26a1eb90acb6221dc74ce77e002cdcd4ddb98fc680,NOT_APPLICABLE_POST_REQUEST,NOT_APPLICABLE_POST_REQUEST,3833,,NOT_APPLICABLE_POST_REQUEST
I007,INDEX,06_BYPASS.md,effacermonexistence/andeks-omaragi-rcc-c01-evidence,06_BYPASS.md,NOT_APPLICABLE_POST_REQUEST,2026-10-07T10:55:22.894149+00:00,"publication file write UTC, not historical execution time",md,POST_REQUEST_INDEX_OR_PUBLICATION_MATERIAL,NEW_INDEX_OR_INTEGRITY_MATERIAL,"Public navigation, source provenance, disclosure or static package integrity; not RCC execution evidence.",NOT_APPLICABLE_POST_REQUEST,13efd4712773a0b4c767738ff1bbd210985f54ef9acf5091d771b20805eb8591,NOT_APPLICABLE_POST_REQUEST,NOT_APPLICABLE_POST_REQUEST,3590,,NOT_APPLICABLE_POST_REQUEST
I008,INDEX,07_COUNTERPARTY_EXPLANATIONS.md,effacermonexistence/andeks-omaragi-rcc-c01-evidence,07_COUNTERPARTY_EXPLANATIONS.md,NOT_APPLICABLE_POST_REQUEST,2026-10-07T10:55:22.894440+00:00,"publication file write UTC, not historical execution time",md,POST_REQUEST_INDEX_OR_PUBLICATION_MATERIAL,NEW_INDEX_OR_INTEGRITY_MATERIAL,"Public navigation, source provenance, disclosure or static package integrity; not RCC execution evidence.",NOT_APPLICABLE_POST_REQUEST,806b8dc0677876fff0218078279e3d48712e7ebb9783b95c255d6a1684ce7024,NOT_APPLICABLE_POST_REQUEST,NOT_APPLICABLE_POST_REQUEST,2974,,NOT_APPLICABLE_POST_REQUEST
I009,INDEX,ARTIFACT_REGISTER.csv,effacermonexistence/andeks-omaragi-rcc-c01-evidence,ARTIFACT_REGISTER.csv,NOT_APPLICABLE_POST_REQUEST,2026-10-07T10:57:39.474881+00:00,"publication file write UTC, not historical execution time",csv,POST_REQUEST_INDEX_OR_PUBLICATION_MATERIAL,NEW_INDEX_OR_INTEGRITY_MATERIAL,"Public navigation, source provenance, disclosure or static package integrity; not RCC execution evidence.",NOT_APPLICABLE_POST_REQUEST,SELF_REFERENCE_EXCLUDED,NOT_APPLICABLE_POST_REQUEST,NOT_APPLICABLE_POST_REQUEST,SELF_REFERENCE_EXCLUDED,,NOT_APPLICABLE_POST_REQUEST
I010,INDEX,DISCLOSURE.md,effacermonexistence/andeks-omaragi-rcc-c01-evidence,DISCLOSURE.md,NOT_APPLICABLE_POST_REQUEST,2026-10-07T10:55:22.894722+00:00,"publication file write UTC, not historical execution time",md,POST_REQUEST_INDEX_OR_PUBLICATION_MATERIAL,NEW_INDEX_OR_INTEGRITY_MATERIAL,"Public navigation, source provenance, disclosure or static package integrity; not RCC execution evidence.",NOT_APPLICABLE_POST_REQUEST,09e8ab1989a171c25e4440f4b965f9cf2cb707a8f899f86089ba007100c02ac6,NOT_APPLICABLE_POST_REQUEST,NOT_APPLICABLE_POST_REQUEST,2883,,NOT_APPLICABLE_POST_REQUEST
I011,INDEX,NOTICE.md,effacermonexistence/andeks-omaragi-rcc-c01-evidence,NOTICE.md,NOT_APPLICABLE_POST_REQUEST,2026-10-07T10:55:22.895066+00:00,"publication file write UTC, not historical execution time",md,POST_REQUEST_INDEX_OR_PUBLICATION_MATERIAL,NEW_INDEX_OR_INTEGRITY_MATERIAL,"Public navigation, source provenance, disclosure or static package integrity; not RCC execution evidence.",NOT_APPLICABLE_POST_REQUEST,4748343ce4f1aab5c9b4b09759427507a27bcf04affa19700097ed142ff4bad2,NOT_APPLICABLE_POST_REQUEST,NOT_APPLICABLE_POST_REQUEST,757,,NOT_APPLICABLE_POST_REQUEST
I012,INDEX,PACKAGE_SHA256SUMS.txt,effacermonexistence/andeks-omaragi-rcc-c01-evidence,PACKAGE_SHA256SUMS.txt,NOT_APPLICABLE_POST_REQUEST,2026-10-07T10:57:39.485923+00:00,"publication file write UTC, not historical execution time",txt,POST_REQUEST_INDEX_OR_PUBLICATION_MATERIAL,NEW_INDEX_OR_INTEGRITY_MATERIAL,"Public navigation, source provenance, disclosure or static package integrity; not RCC execution evidence.",NOT_APPLICABLE_POST_REQUEST,MANIFEST_SELF_EXCLUDED,NOT_APPLICABLE_POST_REQUEST,NOT_APPLICABLE_POST_REQUEST,SELF_REFERENCE_EXCLUDED,,NOT_APPLICABLE_POST_REQUEST
I013,INDEX,PROVENANCE.md,effacermonexistence/andeks-omaragi-rcc-c01-evidence,PROVENANCE.md,NOT_APPLICABLE_POST_REQUEST,2026-10-07T10:55:22.894597+00:00,"publication file write UTC, not historical execution time",md,POST_REQUEST_INDEX_OR_PUBLICATION_MATERIAL,NEW_INDEX_OR_INTEGRITY_MATERIAL,"Public navigation, source provenance, disclosure or static package integrity; not RCC execution evidence.",NOT_APPLICABLE_POST_REQUEST,0197e30544f3ba51207c62724b146df2d6183e690f7a79bd7ef96e6aa81d48ec,NOT_APPLICABLE_POST_REQUEST,NOT_APPLICABLE_POST_REQUEST,3970,,NOT_APPLICABLE_POST_REQUEST
I014,INDEX,README.md,effacermonexistence/andeks-omaragi-rcc-c01-evidence,README.md,NOT_APPLICABLE_POST_REQUEST,2026-10-07T10:55:22.893343+00:00,"publication file write UTC, not historical execution time",md,POST_REQUEST_INDEX_OR_PUBLICATION_MATERIAL,NEW_INDEX_OR_INTEGRITY_MATERIAL,"Public navigation, source provenance, disclosure or static package integrity; not RCC execution evidence.",NOT_APPLICABLE_POST_REQUEST,cc536266827e2eb8ca8c4d559565c5943f3d0a3ae505f6a34b1297acef3ec7ac,NOT_APPLICABLE_POST_REQUEST,NOT_APPLICABLE_POST_REQUEST,6502,,NOT_APPLICABLE_POST_REQUEST
E033,D;E,evidence/applicability/test_bbeh_full500_v17_ten_layer_lock.py,effacermonexistence/omar-benchmark-replay-live-source,tests/test_bbeh_full500_v17_ten_layer_lock.py,8976dc12c2d398dd59e4e193c41fa36749dee996,2026-08-23T19:05:13Z,last source-path Git committer timestamp at pin,py,PRE_EXISTING_BEFORE_2026-10-06,PRESERVED_PRE_EXISTING_COPY,Existing lock test distinguishes initial summary from final patched replay; not a new ANDEKS test or fresh test result.,dd801a459fa12dddac1dff577e08a7f939cf749fb74bf27a6280a08771a8ce56,dd801a459fa12dddac1dff577e08a7f939cf749fb74bf27a6280a08771a8ce56,2f2e7c3491d06c46f12748c4db33207f5dafc728,12859,12859,,8840ae69145cc491ae8c14156b0e9c3d8bbcc45b
E040,F,evidence/bypass/app.py.excerpt.txt,effacermonexistence/omar-benchmark-replay-live-source,app.py,8976dc12c2d398dd59e4e193c41fa36749dee996,2026-08-30T23:02:14Z,last source-path Git committer timestamp at pin,txt,PRE_EXISTING_BEFORE_2026-10-06,POST_REQUEST_VERBATIM_EXCERPT_OF_PRE_EXISTING_SOURCE,Canonical completion guard and control-layer adoption receipt; unrelated private product/application code excluded.,78d0d3e9389d2e9779ebe81b8beb14041042d5391b753206547b149278c2d178,b381451bacf5eb85503544449d0bdaae00c4df18aad61281060e04042b5323e1,b58141d22768d7f676ef2699a957bc488d3be4da,2715268,11615,L12419-L12457;L16613-L16812,3121d784a2f5b4c7b287279df31fc8a895538e04
E034,F,evidence/bypass/audit_report.md,effacermonexistence/omar-benchmark-replay-live-source,proof_manifests/audits/byok_global_zero_downlift_gate_20260718T201759Z/audit_report.md,8976dc12c2d398dd59e4e193c41fa36749dee996,2026-07-25T15:48:30Z,last source-path Git committer timestamp at pin,md,PRE_EXISTING_BEFORE_2026-10-06,PRESERVED_PRE_EXISTING_COPY,Existing 17-lane / 3-provider structural audit; preserves explicit no-fresh-provider-matrix and repository-wide failure disclosures.,9eab42c37d937e621c47848dba1a4f0b085f3bccff5586c83e831a955e518a27,9eab42c37d937e621c47848dba1a4f0b085f3bccff5586c83e831a955e518a27,005bb5b58303801676c5c26acef2c9d8890c83ac,3299,3299,,43a06a49f670569fe4bdd649a0cac681ee67eab1
E035,F,evidence/bypass/audit_summary.json,effacermonexistence/omar-benchmark-replay-live-source,proof_manifests/audits/byok_global_zero_downlift_gate_20260718T201759Z/audit_summary.json,8976dc12c2d398dd59e4e193c41fa36749dee996,2026-07-25T15:48:30Z,last source-path Git committer timestamp at pin,json,PRE_EXISTING_BEFORE_2026-10-06,PRESERVED_PRE_EXISTING_COPY,Existing 17-lane / 3-provider structural audit; preserves explicit no-fresh-provider-matrix and repository-wide failure disclosures.,72de91a03d576bf38b9ebcbd123d5efd0e8e0a9e270a11d88df3953983bf5037,72de91a03d576bf38b9ebcbd123d5efd0e8e0a9e270a11d88df3953983bf5037,5a221e632036af4e111d493fb51dc7e727f95cbb,1570,1570,,43a06a49f670569fe4bdd649a0cac681ee67eab1
E039,C;E;F,evidence/bypass/benchmark_replay_harness.py.excerpt.txt,effacermonexistence/omar-benchmark-replay-live-source,benchmark_replay_harness.py,8976dc12c2d398dd59e4e193c41fa36749dee996,2026-08-23T19:42:46Z,last source-path Git committer timestamp at pin,txt,PRE_EXISTING_BEFORE_2026-10-06,POST_REQUEST_VERBATIM_EXCERPT_OF_PRE_EXISTING_SOURCE,"Certificate predicates, baseline output copying, diagnostic grades and exact fallback invariants; other lane history excluded.",c587c7921ee488c3519866bba241bc13f7d5c38e6e1786ef8c13d2dfc349e46e,e2d43c5dfda8ff062796649a7ac19b19ba92d74b086caab59199a2d58997eaf3,79f44b473f5f22e8a9c6c3b00f960a864e8963d0,80495,12847,L12-L17;L1555-L1793,c090bf043cd16410a148f8c049ea8d64723c28f5
E036,F,evidence/bypass/matrix_policy.json,effacermonexistence/omar-benchmark-replay-live-source,proof_manifests/audits/byok_global_zero_downlift_gate_20260718T201759Z/matrix_policy.json,8976dc12c2d398dd59e4e193c41fa36749dee996,2026-07-25T15:48:30Z,last source-path Git committer timestamp at pin,json,PRE_EXISTING_BEFORE_2026-10-06,PRESERVED_PRE_EXISTING_COPY,Existing 17-lane / 3-provider structural audit; preserves explicit no-fresh-provider-matrix and repository-wide failure disclosures.,adeb9932a6b7c90dcb8c4fc94f1523d3af732bdd0eca177df073258cdccf6e9b,adeb9932a6b7c90dcb8c4fc94f1523d3af732bdd0eca177df073258cdccf6e9b,c6e96bfc055afaf0a23bb81138295bdfdfd6c048,5604,5604,,43a06a49f670569fe4bdd649a0cac681ee67eab1
E041,D;F,evidence/bypass/reconstructed_matched_live_harness.py.excerpt.txt,effacermonexistence/omar-benchmark-replay-live-source,reconstructed_matched_live_harness.py,8976dc12c2d398dd59e4e193c41fa36749dee996,2026-08-03T12:43:32Z,last source-path Git committer timestamp at pin,txt,PRE_EXISTING_BEFORE_2026-10-06,POST_REQUEST_VERBATIM_EXCERPT_OF_PRE_EXISTING_SOURCE,"Common reconstructed-lane policy assignment and isolation contract, without disclosing unrelated prompts.",07c5463aa1083aab68fc911ebc7e308dae340d0276743d1c594fb54bd00b83a2,dfbf4db829c5cacf78d9cbba90a6962d9c776a8bfd584162e340e2d6f885e1ed,0f360f54b7847ea9a2af0d783592f0f6c908d9b0,62647,4015,L490-L503;L526-L566,34f78624574f1a05e5ff6cc77064cf919104e0ad
E037,C;E;F,evidence/bypass/test_byok_zero_downlift_global_gate.py,effacermonexistence/omar-benchmark-replay-live-source,tests/test_byok_zero_downlift_global_gate.py,8976dc12c2d398dd59e4e193c41fa36749dee996,2026-08-03T13:23:16Z,last source-path Git committer timestamp at pin,py,PRE_EXISTING_BEFORE_2026-10-06,PRESERVED_PRE_EXISTING_COPY,"Pre-existing certificate, baseline fallback, missing/nonzero evidence tests. Existing fixtures, not live-provider records; not executed now.",cfb88e2ec760ca2ed72307a3a81117aea926726c2544d7db7bfd695112c51fb6,cfb88e2ec760ca2ed72307a3a81117aea926726c2544d7db7bfd695112c51fb6,2ae1870549be139b1cd479a4813b46ea3f0850e2,31779,31779,,157ccf245af0374fdac2789e10e2627b05eea555
E047,C,evidence/negative_case/bbeh_full_object_properties_0019_ac96f0e25b.json,effacermonexistence/omar-benchmark-replay-live-source,proof_manifests/audits/revas_bbeh500_full_gold_blind_20260630/bbeh500_full_gold_blind_run_outputs.jsonl,8976dc12c2d398dd59e4e193c41fa36749dee996,2026-06-30T23:41:59Z,last source-path Git committer timestamp at pin,json,PRE_EXISTING_BEFORE_2026-10-06,POST_REQUEST_SELECTION_OF_PRE_EXISTING_RECORD,Selected unchanged row from historical executed record; no new run or candidate.,08e1f46ad6c9ca11ff845f5dfc9f31a9d0ca76c19eba7dcfcf7d012aeacb8128,480b616ca31161735f7eb9c6913898c25e3d0a00d743d6f0c128eb0132c4ff57,f8dce61ee815bca2fcaeeae5c814adf81d7168cc,2080473,2173,JSONL line 14; row_index=13; row_id=bbeh_full_object_properties_0019_ac96f0e25b,b38e6757673173df19216877368e020eb4b51fc5
E048,C,evidence/negative_case/bbeh_full_word_sorting_0132_4195006c6a.patched-record.json,effacermonexistence/omar-benchmark-replay-live-source,proof_manifests/audits/revas_bbeh500_full_gold_blind_20260630/bbeh500_after_word_sorting_floor_patch_offline_replay.json,8976dc12c2d398dd59e4e193c41fa36749dee996,2026-06-30T23:41:59Z,last source-path Git committer timestamp at pin,json,PRE_EXISTING_BEFORE_2026-10-06,POST_REQUEST_SELECTION_OF_PRE_EXISTING_RECORD,"Preserve both initial and patched fields for the historical accepted_B repair; patched executor abstains, not a logged non-empty candidate-verifier rejection.",666bbb430cda98732ff025dabf93ce7e5b84eb9c6177fac46b0cc7182a8bdde4,afe5b2a0ad06633e8e2e51cfeeea7b48c97dd3f2ee28f11bb05063b6fb32be58,5fa1d1ae88177ff06eb0ddc820e86bb717b17dd8,3832139,3074,/rows/44; row_id=bbeh_full_word_sorting_0132_4195006c6a,b38e6757673173df19216877368e020eb4b51fc5
E028,B;C;E,evidence/negative_case/bbeh_history/bbeh500_after_word_sorting_floor_patch_offline_replay.json,effacermonexistence/omar-benchmark-replay-live-source,proof_manifests/audits/revas_bbeh500_full_gold_blind_20260630/bbeh500_after_word_sorting_floor_patch_offline_replay.json,8976dc12c2d398dd59e4e193c41fa36749dee996,2026-06-30T23:41:59Z,last source-path Git committer timestamp at pin,json,PRE_EXISTING_BEFORE_2026-10-06,PRESERVED_PRE_EXISTING_COPY,Preserve historical initial run and later pre-request offline floor repair; distinguish accepted_B=1 initial from accepted_B=0 final offline state.,666bbb430cda98732ff025dabf93ce7e5b84eb9c6177fac46b0cc7182a8bdde4,666bbb430cda98732ff025dabf93ce7e5b84eb9c6177fac46b0cc7182a8bdde4,5fa1d1ae88177ff06eb0ddc820e86bb717b17dd8,3832139,3832139,,b38e6757673173df19216877368e020eb4b51fc5
E026,B;C;E,evidence/negative_case/bbeh_history/bbeh500_full_gold_blind_freeze_manifest.json,effacermonexistence/omar-benchmark-replay-live-source,proof_manifests/audits/revas_bbeh500_full_gold_blind_20260630/bbeh500_full_gold_blind_freeze_manifest.json,8976dc12c2d398dd59e4e193c41fa36749dee996,2026-06-30T23:41:59Z,last source-path Git committer timestamp at pin,json,PRE_EXISTING_BEFORE_2026-10-06,REDACTED_PUBLIC_COPY_OF_PRE_EXISTING_EVIDENCE,Preserve historical initial run and later pre-request offline floor repair; distinguish accepted_B=1 initial from accepted_B=0 final offline state.,5f63c8bc3eccce2b5f385f1435208c9ca8edded72a9e507be1bb47782b049ccc,ab3f65bc19e770f3948b62e5c8722543fcced171e1cf7d05151d6b7c5222eef8,d557251044ce614994275c5b3ae74d1d882af5cb,25769,25735,Only original local workspace prefix replaced; evidentiary fields untouched.,b38e6757673173df19216877368e020eb4b51fc5
E027,B;C;E,evidence/negative_case/bbeh_history/bbeh500_full_gold_blind_protocol_log.txt,effacermonexistence/omar-benchmark-replay-live-source,proof_manifests/audits/revas_bbeh500_full_gold_blind_20260630/bbeh500_full_gold_blind_protocol_log.txt,8976dc12c2d398dd59e4e193c41fa36749dee996,2026-06-30T23:41:59Z,last source-path Git committer timestamp at pin,txt,PRE_EXISTING_BEFORE_2026-10-06,PRESERVED_PRE_EXISTING_COPY,Preserve historical initial run and later pre-request offline floor repair; distinguish accepted_B=1 initial from accepted_B=0 final offline state.,f9fd25abdd4dfb22fda6cac28f2a259cdf3e1a49f5819acb3aa56ec36c440c29,f9fd25abdd4dfb22fda6cac28f2a259cdf3e1a49f5819acb3aa56ec36c440c29,d79084b3e09267d82c1469e40e0bc4fba818c597,68044,68044,,b38e6757673173df19216877368e020eb4b51fc5
E025,B;C;E,evidence/negative_case/bbeh_history/bbeh500_full_gold_blind_run_manifest_executed.json,effacermonexistence/omar-benchmark-replay-live-source,proof_manifests/audits/revas_bbeh500_full_gold_blind_20260630/bbeh500_full_gold_blind_run_manifest_executed.json,8976dc12c2d398dd59e4e193c41fa36749dee996,2026-06-30T23:41:59Z,last source-path Git committer timestamp at pin,json,PRE_EXISTING_BEFORE_2026-10-06,REDACTED_PUBLIC_COPY_OF_PRE_EXISTING_EVIDENCE,Preserve historical initial run and later pre-request offline floor repair; distinguish accepted_B=1 initial from accepted_B=0 final offline state.,1f913378fbc4aa9bcd1447de738ec834dea59c5df3b4db8ed830cedfd3e38116,2835578f1dd2f65eb60be659ac40c24143adc69eea8b1b530b2009745f945b96,322a09bc1ec6a6b8ee2d1c1986bba2d156eb79a8,2441391,2441221,Only original local workspace prefix replaced; evidentiary fields untouched.,b38e6757673173df19216877368e020eb4b51fc5
E024,B;C;E,evidence/negative_case/bbeh_history/bbeh500_full_gold_blind_run_outputs.jsonl,effacermonexistence/omar-benchmark-replay-live-source,proof_manifests/audits/revas_bbeh500_full_gold_blind_20260630/bbeh500_full_gold_blind_run_outputs.jsonl,8976dc12c2d398dd59e4e193c41fa36749dee996,2026-06-30T23:41:59Z,last source-path Git committer timestamp at pin,jsonl,PRE_EXISTING_BEFORE_2026-10-06,PRESERVED_PRE_EXISTING_COPY,Preserve historical initial run and later pre-request offline floor repair; distinguish accepted_B=1 initial from accepted_B=0 final offline state.,08e1f46ad6c9ca11ff845f5dfc9f31a9d0ca76c19eba7dcfcf7d012aeacb8128,08e1f46ad6c9ca11ff845f5dfc9f31a9d0ca76c19eba7dcfcf7d012aeacb8128,f8dce61ee815bca2fcaeeae5c814adf81d7168cc,2080473,2080473,,b38e6757673173df19216877368e020eb4b51fc5
E022,B;C;E,evidence/negative_case/bbeh_history/bbeh500_full_gold_blind_run_report.md,effacermonexistence/omar-benchmark-replay-live-source,proof_manifests/audits/revas_bbeh500_full_gold_blind_20260630/bbeh500_full_gold_blind_run_report.md,8976dc12c2d398dd59e4e193c41fa36749dee996,2026-06-30T23:41:59Z,last source-path Git committer timestamp at pin,md,PRE_EXISTING_BEFORE_2026-10-06,PRESERVED_PRE_EXISTING_COPY,Preserve historical initial run and later pre-request offline floor repair; distinguish accepted_B=1 initial from accepted_B=0 final offline state.,0a097b733084b3d0490e744f15f438cafc690d706546a912d822eb594e912096,0a097b733084b3d0490e744f15f438cafc690d706546a912d822eb594e912096,0342d06c1a7964f133f88710174050c7a20a3ecc,633,633,,b38e6757673173df19216877368e020eb4b51fc5
E023,B;C;E,evidence/negative_case/bbeh_history/bbeh500_full_gold_blind_run_summary.json,effacermonexistence/omar-benchmark-replay-live-source,proof_manifests/audits/revas_bbeh500_full_gold_blind_20260630/bbeh500_full_gold_blind_run_summary.json,8976dc12c2d398dd59e4e193c41fa36749dee996,2026-06-30T23:41:59Z,last source-path Git committer timestamp at pin,json,PRE_EXISTING_BEFORE_2026-10-06,REDACTED_PUBLIC_COPY_OF_PRE_EXISTING_EVIDENCE,Preserve historical initial run and later pre-request offline floor repair; distinguish accepted_B=1 initial from accepted_B=0 final offline state.,ba6a8ddd63ed824a1310f5b0d18df039b93b623bbffb6404996aaa5a5eeb5ce4,39f35b3b4ba65a7ecc1755262a3e2774018c66b88357a7a25209863e3c9a3b94,56bad17805bb753fff44bc7a6a9afecac33b60dc,2417319,2417149,Only original local workspace prefix replaced; evidentiary fields untouched.,b38e6757673173df19216877368e020eb4b51fc5
E029,B;C;E,evidence/negative_case/bbeh_history/bbeh500_word_sorting_accepted_B_patch_report.md,effacermonexistence/omar-benchmark-replay-live-source,proof_manifests/audits/revas_bbeh500_full_gold_blind_20260630/bbeh500_word_sorting_accepted_B_patch_report.md,8976dc12c2d398dd59e4e193c41fa36749dee996,2026-06-30T23:41:59Z,last source-path Git committer timestamp at pin,md,PRE_EXISTING_BEFORE_2026-10-06,PRESERVED_PRE_EXISTING_COPY,Preserve historical initial run and later pre-request offline floor repair; distinguish accepted_B=1 initial from accepted_B=0 final offline state.,080f6aefb25f2bcb4a9ed6b59946170d664f50141257607cc920d51a78491e46,080f6aefb25f2bcb4a9ed6b59946170d664f50141257607cc920d51a78491e46,d085341c683f55f50e0c48560dd5abbce525eab6,1282,1282,,b38e6757673173df19216877368e020eb4b51fc5
E045,C,evidence/negative_case/demo-release-date.fixture.json,effacermonexistence/omaragi-reliability-replay,samples/public_demo_replay.json,f141fd09217279ca48f2cfbecc532fed8ecaa6e9,2026-07-22T06:20:23Z,last source-path Git committer timestamp at pin,json,PRE_EXISTING_BEFORE_2026-10-06,POST_REQUEST_SELECTION_OF_PRE_EXISTING_RECORD,Selected unchanged object from pre-existing explicitly synthetic fixture/report; not a newly generated case.,ded5d4407dcc045d553d5bc9b468beb964a8dacda263b089869d66c319968172,6e817531a591f8b3e36f043d9e994d39d8109b75e92e547c50cf32ade86176bb,673bb084f51f6b5f6616d07bf56330372c024322,3630,563,/cases/1; case_id=demo-release-date,8289b19d9bf7de080283cfef425781fc6aeb3241
E044,C,evidence/negative_case/demo-release-date.record.json,effacermonexistence/omaragi-reliability-replay,examples/example_report.json,f141fd09217279ca48f2cfbecc532fed8ecaa6e9,2026-07-22T06:20:23Z,last source-path Git committer timestamp at pin,json,PRE_EXISTING_BEFORE_2026-10-06,POST_REQUEST_SELECTION_OF_PRE_EXISTING_RECORD,Selected unchanged object from pre-existing explicitly synthetic fixture/report; not a newly generated case.,36c36f5c7af617b84548665a909e2a86bdb813edfface1b6d13cf4c59414b238,1072c614d58bf7cfeebd1910bdf261622dc44f6175b0d0d2083b7bbef32ad378,f401477f9c9cfd5fe0634441adf568044cc482f5,32589,5530,/cases/1; case_id=demo-release-date,8289b19d9bf7de080283cfef425781fc6aeb3241
E038,A;D,evidence/path_identity/bbeh_executor_backed_routing.py.excerpt.txt,effacermonexistence/omar-benchmark-replay-live-source,benchmark_executors/bbeh_executor_backed_routing.py,8976dc12c2d398dd59e4e193c41fa36749dee996,2026-08-03T08:04:54Z,last source-path Git committer timestamp at pin,txt,PRE_EXISTING_BEFORE_2026-10-06,POST_REQUEST_VERBATIM_EXCERPT_OF_PRE_EXISTING_SOURCE,"Input/record types, runtime verifier, family applicability, confidence condition and baseline-preserving adoption functions; solver internals withheld.",0ddabd8cad2c5bb7b20107753f033c16af66f650caa9a4d695fccf7a6e01fed1,51bc40f10467b630cf378556043d4888f801588b3b1331f4031c7a927b6b9884,5a885fb0dd4174dfe6f8aa359e3b444051a6fd78,170994,13913,L18-L142;L3420-L3611,4e7b51a53a7022301bb1d8e672802dc5ffcd46c8
E001,A;B;C;D;E,evidence/path_identity/public_replay/BUILD_WEEK.md,effacermonexistence/omaragi-reliability-replay,BUILD_WEEK.md,f141fd09217279ca48f2cfbecc532fed8ecaa6e9,2026-07-22T06:20:23Z,last source-path Git committer timestamp at pin,md,PRE_EXISTING_BEFORE_2026-10-06,PRESERVED_PRE_EXISTING_COPY,"Preserve pre-request public replay path, original fixtures, recorded report, tests and explicit synthetic boundary.",dad7dd2e7a7b37460fa5587ab6664d5510c4dd5e0356ad9a93643f81cd24d457,dad7dd2e7a7b37460fa5587ab6664d5510c4dd5e0356ad9a93643f81cd24d457,75215fe6dc55a1e401455eb040d7ee544806d1f0,5751,5751,,8289b19d9bf7de080283cfef425781fc6aeb3241
E002,A;B;C;D;E,evidence/path_identity/public_replay/EVIDENCE.md,effacermonexistence/omaragi-reliability-replay,EVIDENCE.md,f141fd09217279ca48f2cfbecc532fed8ecaa6e9,2026-07-22T06:20:23Z,last source-path Git committer timestamp at pin,md,PRE_EXISTING_BEFORE_2026-10-06,PRESERVED_PRE_EXISTING_COPY,"Preserve pre-request public replay path, original fixtures, recorded report, tests and explicit synthetic boundary.",61998de45f69b012d269234c88c769238f36b3c1f659c3dfbc4d855d8a848cf5,61998de45f69b012d269234c88c769238f36b3c1f659c3dfbc4d855d8a848cf5,7c5a693879050f33ca00dc4901fb883c18497e57,4134,4134,,8289b19d9bf7de080283cfef425781fc6aeb3241
E003,A;B;C;D;E,evidence/path_identity/public_replay/LICENSE,effacermonexistence/omaragi-reliability-replay,LICENSE,f141fd09217279ca48f2cfbecc532fed8ecaa6e9,2026-07-21T22:15:30Z,last source-path Git committer timestamp at pin,text,PRE_EXISTING_BEFORE_2026-10-06,PRESERVED_PRE_EXISTING_COPY,"Preserve pre-request public replay path, original fixtures, recorded report, tests and explicit synthetic boundary.",cfc7749b96f63bd31c3c42b5c471bf756814053e847c10f3eb003417bc523d30,cfc7749b96f63bd31c3c42b5c471bf756814053e847c10f3eb003417bc523d30,d645695673349e3947e8e5ae42332d0ac3164cd7,11358,11358,,1828492c791465be7a6148370b639548ce548e0f
E004,A;B;C;D;E,evidence/path_identity/public_replay/PUBLIC_LOGIC_BOUNDARY.md,effacermonexistence/omaragi-reliability-replay,PUBLIC_LOGIC_BOUNDARY.md,f141fd09217279ca48f2cfbecc532fed8ecaa6e9,2026-07-22T06:20:23Z,last source-path Git committer timestamp at pin,md,PRE_EXISTING_BEFORE_2026-10-06,PRESERVED_PRE_EXISTING_COPY,"Preserve pre-request public replay path, original fixtures, recorded report, tests and explicit synthetic boundary.",6f1cb91ab2686d0a8e493ba6f926c7bdae24f559daf09962557172239bc0a17c,6f1cb91ab2686d0a8e493ba6f926c7bdae24f559daf09962557172239bc0a17c,e686ae4926f2c47d022ab68c9341a82fc4773b2b,2389,2389,,8289b19d9bf7de080283cfef425781fc6aeb3241
E005,A;B;C;D;E,evidence/path_identity/public_replay/README.md,effacermonexistence/omaragi-reliability-replay,README.md,f141fd09217279ca48f2cfbecc532fed8ecaa6e9,2026-07-22T06:20:23Z,last source-path Git committer timestamp at pin,md,PRE_EXISTING_BEFORE_2026-10-06,PRESERVED_PRE_EXISTING_COPY,"Preserve pre-request public replay path, original fixtures, recorded report, tests and explicit synthetic boundary.",0edc0c9392d6cb3766a6ddd770fa69413f10abe3f2eff5f0f1bd84ba3b949d23,0edc0c9392d6cb3766a6ddd770fa69413f10abe3f2eff5f0f1bd84ba3b949d23,5f1d3ae34e2c9be5336cae279809bc12185a87ed,12140,12140,,8289b19d9bf7de080283cfef425781fc6aeb3241
E006,A;B;C;D;E,evidence/path_identity/public_replay/examples/example_report.json,effacermonexistence/omaragi-reliability-replay,examples/example_report.json,f141fd09217279ca48f2cfbecc532fed8ecaa6e9,2026-07-22T06:20:23Z,last source-path Git committer timestamp at pin,json,PRE_EXISTING_BEFORE_2026-10-06,PRESERVED_PRE_EXISTING_COPY,"Preserve pre-request public replay path, original fixtures, recorded report, tests and explicit synthetic boundary.",36c36f5c7af617b84548665a909e2a86bdb813edfface1b6d13cf4c59414b238,36c36f5c7af617b84548665a909e2a86bdb813edfface1b6d13cf4c59414b238,f401477f9c9cfd5fe0634441adf568044cc482f5,32589,32589,,8289b19d9bf7de080283cfef425781fc6aeb3241
E007,A;B;C;D;E,evidence/path_identity/public_replay/omaragi_reliability_replay/__init__.py,effacermonexistence/omaragi-reliability-replay,omaragi_reliability_replay/__init__.py,f141fd09217279ca48f2cfbecc532fed8ecaa6e9,2026-07-22T06:20:23Z,last source-path Git committer timestamp at pin,py,PRE_EXISTING_BEFORE_2026-10-06,PRESERVED_PRE_EXISTING_COPY,"Preserve pre-request public replay path, original fixtures, recorded report, tests and explicit synthetic boundary.",adc786ff55d67a53b8458c2bcae7ed81d04a2ca5b37ee4b48c6692c57ec8ac70,adc786ff55d67a53b8458c2bcae7ed81d04a2ca5b37ee4b48c6692c57ec8ac70,4c6dff78e0cbdaec1ef2182334af090ebfa68ff5,334,334,,8289b19d9bf7de080283cfef425781fc6aeb3241
E008,A;B;C;D;E,evidence/path_identity/public_replay/omaragi_reliability_replay/__main__.py,effacermonexistence/omaragi-reliability-replay,omaragi_reliability_replay/__main__.py,f141fd09217279ca48f2cfbecc532fed8ecaa6e9,2026-07-21T22:15:30Z,last source-path Git committer timestamp at pin,py,PRE_EXISTING_BEFORE_2026-10-06,PRESERVED_PRE_EXISTING_COPY,"Preserve pre-request public replay path, original fixtures, recorded report, tests and explicit synthetic boundary.",3d2438ae92f4746e9ffaa1f837b1fe803f6281091d1f31f8c95643716f257d9a,3d2438ae92f4746e9ffaa1f837b1fe803f6281091d1f31f8c95643716f257d9a,a049ad7aea97f34e4aab96cc8d30e116fa89790d,80,80,,1828492c791465be7a6148370b639548ce548e0f
E009,A;B;C;D;E,evidence/path_identity/public_replay/omaragi_reliability_replay/cli.py,effacermonexistence/omaragi-reliability-replay,omaragi_reliability_replay/cli.py,f141fd09217279ca48f2cfbecc532fed8ecaa6e9,2026-07-21T23:46:58Z,last source-path Git committer timestamp at pin,py,PRE_EXISTING_BEFORE_2026-10-06,PRESERVED_PRE_EXISTING_COPY,"Preserve pre-request public replay path, original fixtures, recorded report, tests and explicit synthetic boundary.",3c69cf421cc3a1e1f1ac6dce4d030487bc05c27d9fc1837432d5f6422290b8df,3c69cf421cc3a1e1f1ac6dce4d030487bc05c27d9fc1837432d5f6422290b8df,a7b1f53564e71aa2ff33de99cc7283190e66c802,1831,1831,,34dd6aa9ba522e7d6947773b4325982c66f92faa
E010,A;B;C;D;E,evidence/path_identity/public_replay/omaragi_reliability_replay/engine.py,effacermonexistence/omaragi-reliability-replay,omaragi_reliability_replay/engine.py,f141fd09217279ca48f2cfbecc532fed8ecaa6e9,2026-07-22T06:20:23Z,last source-path Git committer timestamp at pin,py,PRE_EXISTING_BEFORE_2026-10-06,PRESERVED_PRE_EXISTING_COPY,"Preserve pre-request public replay path, original fixtures, recorded report, tests and explicit synthetic boundary.",39803639855490bbe0d96fa6e6e7a0f97b97497264037858e0ef025990f0b3d9,39803639855490bbe0d96fa6e6e7a0f97b97497264037858e0ef025990f0b3d9,6eee8442ef7425f3f179b2e249d33eb6d074e1ac,8947,8947,,8289b19d9bf7de080283cfef425781fc6aeb3241
E011,A;B;C;D;E,evidence/path_identity/public_replay/omaragi_reliability_replay/policy.py,effacermonexistence/omaragi-reliability-replay,omaragi_reliability_replay/policy.py,f141fd09217279ca48f2cfbecc532fed8ecaa6e9,2026-07-22T06:20:23Z,last source-path Git committer timestamp at pin,py,PRE_EXISTING_BEFORE_2026-10-06,PRESERVED_PRE_EXISTING_COPY,"Preserve pre-request public replay path, original fixtures, recorded report, tests and explicit synthetic boundary.",fd951b3bbc02ab6add15c30440e07a023deb64edeacae2278b823c4f1d127db5,fd951b3bbc02ab6add15c30440e07a023deb64edeacae2278b823c4f1d127db5,438d98e91369f6048570833354c69b292c084489,18005,18005,,8289b19d9bf7de080283cfef425781fc6aeb3241
E012,A;B;C;D;E,evidence/path_identity/public_replay/omaragi_reliability_replay/reports.py,effacermonexistence/omaragi-reliability-replay,omaragi_reliability_replay/reports.py,f141fd09217279ca48f2cfbecc532fed8ecaa6e9,2026-07-22T06:20:23Z,last source-path Git committer timestamp at pin,py,PRE_EXISTING_BEFORE_2026-10-06,PRESERVED_PRE_EXISTING_COPY,"Preserve pre-request public replay path, original fixtures, recorded report, tests and explicit synthetic boundary.",b9bc99e35226f26fd8e681f91e8de5a9e031ca0758a18a70b0e20d3697201fc1,b9bc99e35226f26fd8e681f91e8de5a9e031ca0758a18a70b0e20d3697201fc1,2068c6057d720f48ad5462fb7ca056a8ac76a67d,22304,22304,,8289b19d9bf7de080283cfef425781fc6aeb3241
E013,A;B;C;D;E,evidence/path_identity/public_replay/omaragi_reliability_replay/server.py,effacermonexistence/omaragi-reliability-replay,omaragi_reliability_replay/server.py,f141fd09217279ca48f2cfbecc532fed8ecaa6e9,2026-07-21T23:36:16Z,last source-path Git committer timestamp at pin,py,PRE_EXISTING_BEFORE_2026-10-06,PRESERVED_PRE_EXISTING_COPY,"Preserve pre-request public replay path, original fixtures, recorded report, tests and explicit synthetic boundary.",d9aee8dcfad3e5fb74faf96c1c829533ca992128deb06cf5191aca12020e4775,d9aee8dcfad3e5fb74faf96c1c829533ca992128deb06cf5191aca12020e4775,f6fcf562d845bf74697ce0952594c150793dacf4,1154,1154,,a820b9d3a854782173ca5bae1c3ad7ada80af01a
E014,A;B;C;D;E,evidence/path_identity/public_replay/pyproject.toml,effacermonexistence/omaragi-reliability-replay,pyproject.toml,f141fd09217279ca48f2cfbecc532fed8ecaa6e9,2026-07-22T06:20:23Z,last source-path Git committer timestamp at pin,toml,PRE_EXISTING_BEFORE_2026-10-06,PRESERVED_PRE_EXISTING_COPY,"Preserve pre-request public replay path, original fixtures, recorded report, tests and explicit synthetic boundary.",4261313979e671b2dabc7e941e685798b94dad7754b8aa94ae61d171caad4413,4261313979e671b2dabc7e941e685798b94dad7754b8aa94ae61d171caad4413,1a6f2e15a57a23c6a9bdcc788117c53bf760cd05,974,974,,8289b19d9bf7de080283cfef425781fc6aeb3241
E015,A;B;C;D;E,evidence/path_identity/public_replay/samples/README.md,effacermonexistence/omaragi-reliability-replay,samples/README.md,f141fd09217279ca48f2cfbecc532fed8ecaa6e9,2026-07-22T06:20:23Z,last source-path Git committer timestamp at pin,md,PRE_EXISTING_BEFORE_2026-10-06,PRESERVED_PRE_EXISTING_COPY,"Preserve pre-request public replay path, original fixtures, recorded report, tests and explicit synthetic boundary.",a85a7d0003956ee8cc76e7401b1e003eba1e92fce684628a22bc85c66476ed89,a85a7d0003956ee8cc76e7401b1e003eba1e92fce684628a22bc85c66476ed89,164eb0f6eea9ecdfcc446df7753b76e86072c90f,1690,1690,,8289b19d9bf7de080283cfef425781fc6aeb3241
E016,A;B;C;D;E,evidence/path_identity/public_replay/samples/public_demo_replay.json,effacermonexistence/omaragi-reliability-replay,samples/public_demo_replay.json,f141fd09217279ca48f2cfbecc532fed8ecaa6e9,2026-07-22T06:20:23Z,last source-path Git committer timestamp at pin,json,PRE_EXISTING_BEFORE_2026-10-06,PRESERVED_PRE_EXISTING_COPY,"Preserve pre-request public replay path, original fixtures, recorded report, tests and explicit synthetic boundary.",ded5d4407dcc045d553d5bc9b468beb964a8dacda263b089869d66c319968172,ded5d4407dcc045d553d5bc9b468beb964a8dacda263b089869d66c319968172,673bb084f51f6b5f6616d07bf56330372c024322,3630,3630,,8289b19d9bf7de080283cfef425781fc6aeb3241
E017,A;B;C;D;E,evidence/path_identity/public_replay/scripts/clean_install_test.sh,effacermonexistence/omaragi-reliability-replay,scripts/clean_install_test.sh,f141fd09217279ca48f2cfbecc532fed8ecaa6e9,2026-07-21T22:15:30Z,last source-path Git committer timestamp at pin,sh,PRE_EXISTING_BEFORE_2026-10-06,PRESERVED_PRE_EXISTING_COPY,"Preserve pre-request public replay path, original fixtures, recorded report, tests and explicit synthetic boundary.",66a8b155f0fb256dbaecbd91061379e69fa999b2433b1cfb1fbf790de1ee0e99,66a8b155f0fb256dbaecbd91061379e69fa999b2433b1cfb1fbf790de1ee0e99,72d14f08515e07620a113333f944a41722e63be8,611,611,,1828492c791465be7a6148370b639548ce548e0f
E018,A;B;C;D;E,evidence/path_identity/public_replay/scripts/public_safety_scan.py,effacermonexistence/omaragi-reliability-replay,scripts/public_safety_scan.py,f141fd09217279ca48f2cfbecc532fed8ecaa6e9,2026-07-22T06:20:23Z,last source-path Git committer timestamp at pin,py,PRE_EXISTING_BEFORE_2026-10-06,PRESERVED_PRE_EXISTING_COPY,"Preserve pre-request public replay path, original fixtures, recorded report, tests and explicit synthetic boundary.",c533c2dcbb30502e8ef03d1cc78f473d3ea44bfd854cace323d3db7731cb9730,c533c2dcbb30502e8ef03d1cc78f473d3ea44bfd854cace323d3db7731cb9730,d7bdf86dd2c4554762d0c07e99cd2b92facb1fcc,3158,3158,,8289b19d9bf7de080283cfef425781fc6aeb3241
E019,A;B;C;D;E,evidence/path_identity/public_replay/scripts/quickstart.sh,effacermonexistence/omaragi-reliability-replay,scripts/quickstart.sh,f141fd09217279ca48f2cfbecc532fed8ecaa6e9,2026-07-21T22:15:30Z,last source-path Git committer timestamp at pin,sh,PRE_EXISTING_BEFORE_2026-10-06,PRESERVED_PRE_EXISTING_COPY,"Preserve pre-request public replay path, original fixtures, recorded report, tests and explicit synthetic boundary.",dfae7bfe48beef24930bb0d0108fa2dc504119dde108f261ef510e050cde26b7,dfae7bfe48beef24930bb0d0108fa2dc504119dde108f261ef510e050cde26b7,cdbbd1d1b80c300e186f968304ded8acbb5eb7f6,589,589,,1828492c791465be7a6148370b639548ce548e0f
E020,A;B;C;D;E,evidence/path_identity/public_replay/scripts/smoke_test.sh,effacermonexistence/omaragi-reliability-replay,scripts/smoke_test.sh,f141fd09217279ca48f2cfbecc532fed8ecaa6e9,2026-07-21T22:15:30Z,last source-path Git committer timestamp at pin,sh,PRE_EXISTING_BEFORE_2026-10-06,PRESERVED_PRE_EXISTING_COPY,"Preserve pre-request public replay path, original fixtures, recorded report, tests and explicit synthetic boundary.",d5cc865c55e9f5063f6fbdc7563c8dfc55fe3e6db6bf0cf6ed85a5862f7cd7f9,d5cc865c55e9f5063f6fbdc7563c8dfc55fe3e6db6bf0cf6ed85a5862f7cd7f9,e55b8ca88e8dd8f2a85d5df941ed3498ec49df26,544,544,,1828492c791465be7a6148370b639548ce548e0f
E021,A;B;C;D;E,evidence/path_identity/public_replay/tests/test_replay.py,effacermonexistence/omaragi-reliability-replay,tests/test_replay.py,f141fd09217279ca48f2cfbecc532fed8ecaa6e9,2026-07-22T06:20:23Z,last source-path Git committer timestamp at pin,py,PRE_EXISTING_BEFORE_2026-10-06,PRESERVED_PRE_EXISTING_COPY,"Preserve pre-request public replay path, original fixtures, recorded report, tests and explicit synthetic boundary.",4444f14e7efb616931a31173e3e98d58ebd6b778f8b027faa655000a1a9c4761,4444f14e7efb616931a31173e3e98d58ebd6b778f8b027faa655000a1a9c4761,c6160cc4562831636fedc1548ddd45106389fe6e,11778,11778,,8289b19d9bf7de080283cfef425781fc6aeb3241
E046,B,evidence/positive_case/bbeh_full_boolean_expressions_0035_2ed600e2a1.json,effacermonexistence/omar-benchmark-replay-live-source,proof_manifests/audits/revas_bbeh500_full_gold_blind_20260630/bbeh500_full_gold_blind_run_outputs.jsonl,8976dc12c2d398dd59e4e193c41fa36749dee996,2026-06-30T23:41:59Z,last source-path Git committer timestamp at pin,json,PRE_EXISTING_BEFORE_2026-10-06,POST_REQUEST_SELECTION_OF_PRE_EXISTING_RECORD,Selected unchanged row from historical executed record; no new run or candidate.,08e1f46ad6c9ca11ff845f5dfc9f31a9d0ca76c19eba7dcfcf7d012aeacb8128,7ebfccd05c739e9eca3aa7e9d12bd77c4df8df4cded3740e5e730139c60938ab,f8dce61ee815bca2fcaeeae5c814adf81d7168cc,2080473,2267,JSONL line 2; row_index=1; row_id=bbeh_full_boolean_expressions_0035_2ed600e2a1,b38e6757673173df19216877368e020eb4b51fc5
E043,B,evidence/positive_case/demo-checklist-count.fixture.json,effacermonexistence/omaragi-reliability-replay,samples/public_demo_replay.json,f141fd09217279ca48f2cfbecc532fed8ecaa6e9,2026-07-22T06:20:23Z,last source-path Git committer timestamp at pin,json,PRE_EXISTING_BEFORE_2026-10-06,POST_REQUEST_SELECTION_OF_PRE_EXISTING_RECORD,Selected unchanged object from pre-existing explicitly synthetic fixture/report; not a newly generated case.,ded5d4407dcc045d553d5bc9b468beb964a8dacda263b089869d66c319968172,bcc3b62ae48400b17375e5826da3fd6370503ccde5cf668294bbfb782e320f75,673bb084f51f6b5f6616d07bf56330372c024322,3630,537,/cases/0; case_id=demo-checklist-count,8289b19d9bf7de080283cfef425781fc6aeb3241
E042,B,evidence/positive_case/demo-checklist-count.record.json,effacermonexistence/omaragi-reliability-replay,examples/example_report.json,f141fd09217279ca48f2cfbecc532fed8ecaa6e9,2026-07-22T06:20:23Z,last source-path Git committer timestamp at pin,json,PRE_EXISTING_BEFORE_2026-10-06,POST_REQUEST_SELECTION_OF_PRE_EXISTING_RECORD,Selected unchanged object from pre-existing explicitly synthetic fixture/report; not a newly generated case.,36c36f5c7af617b84548665a909e2a86bdb813edfface1b6d13cf4c59414b238,4e9b79ab50e8c73d4e56c3af1c393a695d5f2f2b613c1a29107e67fc9e509c82,f401477f9c9cfd5fe0634441adf568044cc482f5,32589,5525,/cases/0; case_id=demo-checklist-count,8289b19d9bf7de080283cfef425781fc6aeb3241
E030,E,evidence/upstream_influence/benchmark_gold_blind_adoption_lock.md,effacermonexistence/omar-benchmark-replay-live-source,proof_manifests/audits/benchmark_gold_blind_adoption_lock_20260630/benchmark_gold_blind_adoption_lock.md,8976dc12c2d398dd59e4e193c41fa36749dee996,2026-07-03T08:36:26Z,last source-path Git committer timestamp at pin,md,PRE_EXISTING_BEFORE_2026-10-06,PRESERVED_PRE_EXISTING_COPY,Pre-existing separation rule; does not itself establish every execution complied.,fd100f5ab7e0efc063e7779b59d8e74db99d9009fb09d632c0c58b786ee0d7b7,fd100f5ab7e0efc063e7779b59d8e74db99d9009fb09d632c0c58b786ee0d7b7,6f56a59feecfcb5980480d44528bc6d00e9f57d7,1737,1737,,3d41ccaed014784fd1728798201453890086aff3
E032,A;D;E,evidence/upstream_influence/run_bbeh500_full_gold_blind.py,effacermonexistence/omar-benchmark-replay-live-source,proof_manifests/audits/revas_bbeh500_full_gold_blind_20260630/run_bbeh500_full_gold_blind.py,8976dc12c2d398dd59e4e193c41fa36749dee996,2026-06-30T23:41:59Z,last source-path Git committer timestamp at pin,py,PRE_EXISTING_BEFORE_2026-10-06,PRESERVED_PRE_EXISTING_COPY,Historical runner source shows candidate decision variables assigned before gold/scoring. Copied as source evidence; not run.,f62de2148aa16b8ca244c87a7035569f0e6a6e1743a1d724fc7f48c67511403a,f62de2148aa16b8ca244c87a7035569f0e6a6e1743a1d724fc7f48c67511403a,f9cf7e3d68d00a312b0984a4ada9594df2633aee,21048,21048,,b38e6757673173df19216877368e020eb4b51fc5
E031,E,evidence/upstream_influence/test_benchmark_gold_blind_adoption_lock.py,effacermonexistence/omar-benchmark-replay-live-source,tests/test_benchmark_gold_blind_adoption_lock.py,8976dc12c2d398dd59e4e193c41fa36749dee996,2026-07-03T08:36:26Z,last source-path Git committer timestamp at pin,py,PRE_EXISTING_BEFORE_2026-10-06,PRESERVED_PRE_EXISTING_COPY,Preserve pre-existing policy-lock tests; dependency on source AGENTS is explicit; not executed now.,120a409dfa83219868dab6c606b667bbe2624b9ac032e3625edbab5cbe7cf3ad,120a409dfa83219868dab6c606b667bbe2624b9ac032e3625edbab5cbe7cf3ad,30f9f54717d500766badcac73218e37d8f4bfc6e,1201,1201,,3d41ccaed014784fd1728798201453890086aff3
I015,INDEX,provenance/public_copy_transformations.json,effacermonexistence/andeks-omaragi-rcc-c01-evidence,provenance/public_copy_transformations.json,NOT_APPLICABLE_POST_REQUEST,2026-10-07T10:56:22.978288+00:00,"publication file write UTC, not historical execution time",json,POST_REQUEST_INDEX_OR_PUBLICATION_MATERIAL,NEW_INDEX_OR_INTEGRITY_MATERIAL,"Public navigation, source provenance, disclosure or static package integrity; not RCC execution evidence.",NOT_APPLICABLE_POST_REQUEST,8baee23ead29c574e509e90b3b64311eab7ebf931a4348374730fad3c84ca156,NOT_APPLICABLE_POST_REQUEST,NOT_APPLICABLE_POST_REQUEST,6206,,NOT_APPLICABLE_POST_REQUEST
I016,INDEX,provenance/source_acquisition.json,effacermonexistence/andeks-omaragi-rcc-c01-evidence,provenance/source_acquisition.json,NOT_APPLICABLE_POST_REQUEST,2026-10-07T10:56:22.978152+00:00,"publication file write UTC, not historical execution time",json,POST_REQUEST_INDEX_OR_PUBLICATION_MATERIAL,NEW_INDEX_OR_INTEGRITY_MATERIAL,"Public navigation, source provenance, disclosure or static package integrity; not RCC execution evidence.",NOT_APPLICABLE_POST_REQUEST,0bea273344e8be4fd6082565f4d64893a2c4ebd5b1e372bd52ee5f7c89f7fa2d,NOT_APPLICABLE_POST_REQUEST,NOT_APPLICABLE_POST_REQUEST,61745,,NOT_APPLICABLE_POST_REQUEST
I017,INDEX,scripts/verify_package.py,effacermonexistence/andeks-omaragi-rcc-c01-evidence,scripts/verify_package.py,NOT_APPLICABLE_POST_REQUEST,2026-10-07T10:57:39.385746+00:00,"publication file write UTC, not historical execution time",py,POST_REQUEST_INDEX_OR_PUBLICATION_MATERIAL,NEW_INDEX_OR_INTEGRITY_MATERIAL,"Public navigation, source provenance, disclosure or static package integrity; not RCC execution evidence.",NOT_APPLICABLE_POST_REQUEST,372f7872d5d3edb582256ed775b0cb2004381d452f2859e8217677206cce2c75,NOT_APPLICABLE_POST_REQUEST,NOT_APPLICABLE_POST_REQUEST,6255,,NOT_APPLICABLE_POST_REQUEST
